Amunicją są:	naboje przeznaczone do strzelania z broni palnej.	naboje scalone, naboje ślepe oraz naboje wypełnione chemicznym środkiem obezwładniającym.	pociski, których zasada działania opera się na wykorzystaniu energii ciśnienia gazów prochowych powstałej podczas spalania się materiału miotającego.	A	UoBiA - Art. 4, ust. 2
Amunicją szczególnie niebezpieczną jest:	każda jednostka amunicji bojowej	każdy nabój scalony oraz nabój ślepy przeznaczony do strzelania z broni palnej	amunicja z pociskami podkalibrowymi, z płaszczem lub elementem wiodącym wykonanym z tworzyw sztucznych, z wyłączeniem amunicji przeznaczonej do strzelania z broni gładko lufowej	C	UoBiA - Art. 10, ust. 6
Broni odpowiadającej celom łowieckim i broni odpowiadającej celom sportowym oraz amunicji do takiej broni:	można użyczać osobom posiadającym pozwolenie na broń wydane w celach łowieckich lub sportowych.	można użyczać za zgodą organu Policji, który wydał pozwolenie na tę broń.	nie można użyczać.	A	UoBiA - Art. 28.
Bronią palną alarmową jest:	urządzenie wielokrotnego użycia, które w wyniku działania sprężonych gazów, powstających na skutek spalania materiału miotającego, wywołuje efekt akustyczny, a wystrzelona z lufy lub elementu ją zastępującego substancja razi cel na odległość nie większą niż 1 metr.	broń lufowa, która miota, jest przeznaczona do miotania lub może być przystosowana do miotania jednego lub większej liczby pocisków lub substancji w wyniku działania materiału miotającego.	urządzenie wielokrotnego użycia, które w wyniku działania sprężonych gazów, powstających na skutek spalania materiału miotającego, jest zdolne do wystrzelenia z lufy o kalibrze nie mniejszym niż 25 mm substancji w postaci ładunku pirotechnicznego celem wywołania efektu wizualnego lub akustycznego.	A	UoBiA - Art. 7. ust. 3
Bronią palną jest wyłącznie	broń bojowa, myśliwska, sportowa, gazowa, alarmowa i sygnałowa	broń bojowa, myśliwska, sportowa, pneumatyczna, przedmiot do obezwładniania osób za pomocą ładunków elektrycznych	broń myśliwska, sportowa, gazowa, pneumatyczna, sygnałowa	A	UoBiA - Art. 4, ust. 1, pkt 1
Bronią palną jest wyłącznie:	broń bojowa, myśliwska, sportowa, gazowa, alarmowa i sygnałowa	broń służąca do obezwładniania osób na odległość	broń bojowa, myśliwska, sygnałowa i gazowa, w tym miotacze gazu obezwładniającego	A	UoBiA - Art. 4, ust. 1, pkt 1
Bronią palną sygnałową jest:	urządzenie wielokrotnego użycia, które w wyniku działania sprężonych gazów, powstających na skutek spalania materiału miotającego, wywołuje efekt akustyczny, a wystrzelona z lufy lub elementu ją zastępującego substancja razi cel na odległość nie większą niż 1 metr.	urządzenie wielokrotnego użycia, które w wyniku działania sprężonych gazów, powstających na skutek spalania materiału miotającego, jest zdolne do wystrzelenia z lufy o kalibrze nie mniejszym niż 25 mm substancji w postaci ładunku pirotechnicznego celem wywołania efektu wizualnego lub akustycznego.	broń lufowa, która miota, jest przeznaczona do miotania lub może być przystosowana do miotania jednego lub większej liczby pocisków lub substancji w wyniku działania materiału miotającego.	B	UoBiA - Art. 7, ust. 2
Bronią szczególnie niebezpieczną jest:	broń palna, wyposażona w tłumik huku lub przystosowana do strzelania z użyciem tłumika huku	broń zbudowana w oparciu o szkielet broni, lufę z komorą nabojową, zamek oraz magazynek lub bęben nabojowy	każda przenośna broń lufowa, która miota, jest przeznaczona do miotania lub może być przystosowana do miotania jednego lub większej liczby pocisków lub substancji w wyniku działania materiału miotającego	A	UoBiA - Art. 10, ust. 3
Broń i amunicja w czasie przewozu środkami transportu publicznego powinny:	być zabezpieczone w sposób uniemożliwiający powstanie zagrożenia życia, zdrowia lub mienia.	znajdować się w pojemniku bezpiecznym lub w skrzyni metalowej zamykanej co najmniej jednym zamkiem o skomplikowanym mechanizmie.	znajdować się w pojemniku służącym do transportu broni i amunicji, wyposażonym w urządzenie utrudniający jego zabór, wykorzystującym działanie alarmu akustycznego.	A	Rozporządzenie w sprawie przewożenia broni i amunicji środkami transportu publicznego - § 3
Broń i amunicję w pasażerskich statkach powietrznych przewozi się:	w lukach bagażowych lub w miejscu wskazanym przez przewoźnika, jako bagaż rejestrowany, do którego pasażerowie nie mają dostępu.	w pasażerskich statkach powietrznych przewożenie broni i amunicji jest zabronione.	przy sobie lub w bagażu podręcznym.	A	Rozporządzenie w sprawie przewożenia broni i amunicji środkami transportu publicznego - § 5
Broń palna może zostać pozbawiona w sposób trwały cech użytkowych przez uprawnionego przedsiębiorcę, na podstawie:	"umowy", zawartej pomiędzy właścicielem broni palnej, a przedsiębiorcą uprawnionym do pozbawienia cech użytkowych broni palnej.	"specyfikacji technicznej", wydanej przez jednostkę uprawnioną i zatwierdzoną przez jednostkę uprawnioną do potwierdzania pozbawienia broni palnej cech użytkowych.	"decyzji", wydanej przez właściwy organ Policji w sprawie wyrażenia zgody na pozbawienie w sposób trwały cech użytkowych broni palnej.	B	UoBiA - Art. 6a, ust. 1
Broń palna zdolna do rażenia celów na odległość może być używana w strzelaniach szkoleniowych:	na strzelnicach.	na terenach leśnych pod warunkiem zapewnienia bezpieczeństwa.	w miejscach zapewniających pełne bezpieczeństwo otoczenia.	A	UoBiA - Art. 45
Broń palną i amunicję do tej broni można posiadać	na podstawie pozwolenia na broń wydanego przez komendanta wojewódzkiego Policji, bez względu na miejsce zamieszkania zainteresowanej osoby lub siedzibę zainteresowanego podmiotu, a w przypadku żołnierzy zawodowych - na podstawie pozwolenia wydanego przez właściwy organ wojskowy	na podstawie pozwolenia na broń wydanego przez właściwego ze względu na miejsce stałego pobytu zainteresowanej osoby lub siedzibę zainteresowanego podmiotu komendanta wojewódzkiego Policji, a w przypadku żołnierzy zawodowych - na podstawie pozwolenia wydanego przez właściwego komendanta oddziału Żandarmerii Wojskowej	na podstawie pozwolenia na broń wydanego przez właściwego, ze względu na miejsce zamieszkania zainteresowanej osoby lub siedzibę zainteresowanego podmiotu, komendanta powiatowego Policji, a w przypadku żołnierzy zawodowych - na podstawie pozwolenia wydanego przez właściwy organ wojskowy	B	UoBiA - Art. 9, ust. 1
Broń palną i amunicję do tej broni można posiadać:	na podstawie pozwolenia na broń wydanego przez właściwego, ze względu na miejsce zamieszkania zainteresowanej osoby lub siedzibę zainteresowanego podmiotu, komendanta powiatowego Policji, a w przypadku żołnierzy zawodowych - na podstawie pozwolenia wydanego przez właściwy organ wojskowy	na podstawie pozwolenia na broń wydanego przez komendanta wojewódzkiego Policji, bez względu na miejsce zamieszkania zainteresowanej osoby lub siedzibę zainteresowanego podmiotu, a w przypadku żołnierzy zawodowych - na podstawie pozwolenia wydanego przez właściwy organ wojskowy	na podstawie pozwolenia na broń wydanego przez właściwego ze względu na miejsce stałego pobytu zainteresowanej osoby lub siedzibę zainteresowanego podmiotu komendanta wojewódzkiego Policji, a w przypadku żołnierzy zawodowych - na podstawie pozwolenia wydanego przez właściwego komendanta oddziału Żandarmerii Wojskowej 	C	UoBiA - Art. 9, ust. 1
Broń palną na strzelnicy przenosi się?	załadowaną, zabezpieczoną i schowaną w kaburze, pokrowcach lub kasetach przeznaczonych do przenoszenia broni.	rozładowaną, zabezpieczoną i schowaną w kaburze, pokrowcach lub kasetach przeznaczonych do przenoszenia broni.	rozładowaną, zabezpieczoną w sposób uniemożliwiający oddanie.przypadkowego strzału	B	Wzorcowy regulamin strzelnic - rozdz. 2, ust. 1
Broń palną pozbawioną cech użytkowych można posiadać na podstawie:	legitymacji osoby dopuszczonej do posiadania broni.	dowodu zakupu i świadectwa broni.	karty rejestracyjnej broni pozbawionej cech użytkowych wydanej przez właściwego ze względu na miejsce stałego pobytu zainteresowanej osoby lub siedzibę zainteresowanego podmiotu komendanta wojewódzkiego Policji, a w przypadku żołnierzy zawodowych - właściwego komendanta oddziału Żandarmerii Wojskowej.	C	UoBiA - Art. 9, ust. 2
Broń palną pozbawioną cech użytkowych można posiadać na podstawie:	legitymacji osoby dopuszczonej do posiadania broni.	pozwolenia na broń do celów kolekcjonerskich.	karty rejestracyjnej broni.	C	UoBiA - Art. 9, ust. 2
Co nie jest bronią:	kusza	iglica	miotacz gazu obezwładniającego	B	UoBiA - Art. 7
Co posiadacz broni kolekcjonerskiej zobowiązany jest zrobić bo zbyciu broni?	niezwłocznie poinformować właściwy organ Policji	nic nie musi robić	zgłosić ten fakt do właściwego Wydziału Postępowań Administracyjnych KWP	A	UoBiA - Art. 51, ust. 2, pkt. 2 (odpowiedź nie wprost)
Co to jest broń palna w myśl UoBIA?	bronią palną jest każda broń, która miota, jest przeznaczona do miotania lub może być przystosowana do miotania jednego lub większej liczby pocisków lub substancji w wyniku działania materiału miotającego.	bronią palną jest każda przenośna broń lufowa, która miota, jest przeznaczona do miotania lub może być przystosowana do miotania jednego lub większej liczby pocisków lub substancji w wyniku działania materiału miotającego.	bronią palną jest każda przenośna broń lufowa, która miota, jest przeznaczona do miotania lub może być przystosowana do miotania jednego lub większej liczby pocisków lub substancji w wyniku działania spalania gazów.	B	UoBiA - Art. 7, ust. 1
Cofnięcie dopuszczenia do posiadania broni następuje w drodze	postanowienia organu Policji, który wcześniej wydał dopuszczenie do posiadania broni	decyzji administracyjnej	odpowiedź a i b jest prawidłowa	B	UoBiA - Art. 20
Cofnięcie dopuszczenia do posiadania broni następuje w drodze:	decyzji administracyjnej	odpowiedź a i c jest prawidłowa	postanowienia organu Policji, który wcześniej wydał dopuszczenie do posiadania broni	A	UoBiA - Art. 20
Cofnięcie dopuszczenia do posiadania broni następuje:	odpowiedź „a” i „b” są nieprawidłowe	w drodze decyzji administracyjnej organu właściwego do wydawania pozwoleń	w drodze decyzji podmiotu posiadającego broń (pracodawcy)	B	UoBiA - Art. 20
Cofnięcie dopuszczenia do posiadania broni następuje:	w drodze decyzji podmiotu posiadającego broń (pracodawcy)	w drodze decyzji administracyjnej organu właściwego do wydawania pozwoleń	odpowiedź „a” i „b” są nieprawidłowe	B	UoBiA - Art. 20
Cofnięcie pozwolenia na broń, dopuszczenia do posiadania broni oraz unieważnienie karty rejestracyjnej broni pneumatycznej następuje:	pisemnie - pismem dostarczonym za pokwitowaniem odbioru.	słownie lub pisemnie jako wezwanie organu uprawnionego.	w drodze decyzji administracyjnej.	C	UoBiA - Art. 20
Cofnięcie pozwolenia na broń, dopuszczenia do posiadania broni oraz unieważnienie karty rejestracyjnej broni pneumatycznej następuje:	słownie lub pisemnie jako wezwanie organu uprawnionego.	w drodze decyzji administracyjnej.	pisemnie - pismem dostarczonym za pokwitowaniem odbioru.	B	UoBiA - Art. 20
Cofnięcie pozwolenia na broń, dopuszczenia do posiadania broni oraz unieważnienie karty rejestracyjnej broni pneumatycznej następuje:	słownie lub pisemnie jako wezwanie organu uprawnionego	pisemnie - pismem dostarczonym za pokwitowaniem odbioru.	w drodze decyzji administracyjnej	C	UoBiA - Art. 20
Czy broń palna oraz inna broń zdolna do rażenia celów na odległość może być używana w celach szkoleniowych i sportowych?	Nie.	Tak, ale wyłącznie, gdy użytkownikowi danej broni wydano pozwolenie na broń do celów szkoleniowych lub celów sportowych.	Tak, ale tylko na strzelnicach.	C	UoBiA - Art. 45
Czy dopuszcza się nabywanie broni przy użyciu środków porozumiewania się na odległość?	tak, ale wcześniej nabywca (w przypadku gdy posiada miejsce stałego pobytu lub siedzibę na terytorium RP) dostarcza zbywcy, mającemu również miejsce stałego pobytu lub siedzibę na terytorium RP, zaświadczenie uprawniające do jej nabycia	nie dopuszcza się w ten sposób nabywania broni, chyba że posiada się do tego celu upoważnienie swojego państwa	tak, ale wcześniej nabywca (w przypadku gdy posiada miejsce stałego pobytu lub siedzibę na terytorium RP) dostarcza zbywcy, mającemu miejsce stałego pobytu lub siedzibę na terytorium innego niż RP państwa, zgodę przewozową i upoważnienie władz swojego państwa do nabycia danego rodzaju i liczby palnej	A	UoBiA - Art. 12a, ust. 1 i ust. 2, pkt 1
Czy dopuszcza się przesyłanie broni lub amunicji za pośrednictwem poczty	bezwzględnie nie	tak, ale wyłącznie za pośrednictwem operatorów świadczących swoje usługi na terenie RP	tak, ale za pośrednictwem operatorów świadczących usługi pocztowe, o ile świadczą oni tego rodzaju usługi	C	UoBiA - Art. 36, ust. 1
Czy dozwolone jest dokonanie przeróbki broni zmieniającej jej kaliber?	Tak, w wyjatkowych sytuacjach, a w szczególności gdy zaprzestano produkcji amunicji do tej broni lub zakup amunicji do tej broni jest mocno ograniczony przez co broń nie może być użytkowana.	Nie, taka przeróbka jest zabroniona.	Tak.	B	UoBiA - Art. 6, ust. 1
Czy dozwolone jest dokonywanie przeróbek broni zmieniających jej rodzaj, kaliber lub przeznaczenie?	tylko z broni gazowej na broń bojową	tak	nie	C	UoBiA - Art. 6, ust. 1
Czy dozwolone jest dokonywanie przeróbek broni?	Tak, w przypadku gdy przeróbka dotyczy przystosowania broni do amunicji ślepej na broń do strzelania pociskami wypełnionymi chemicznymi środkami obezwładniającymi.	Tak.	Nie.	C	UoBiA - Art. 6, ust. 1
Czy na strzelnicy wolno używać broni innych osób korzystających ze strzelnicy?	Nie.	Tak, o ile posiada się pozwolenie na dany rodzaj broni.	Tak, ale tylko za zgodą użytkownika broni.	C	Wzorcowy regulamin strzelnic - rozdz. 1, ust. 2, pkt 2
Czy na terenie strzelnicy wolno spożywać alkohol lub używać środki odurzające oraz czy wolno przebywać na strzelnicy osobom będącym pod ich wpływem	bezwzględnie nie	tak, ale za zgodą właściciela obiektu	tak, ale tylko za wiedzą prowadzącego strzelanie	A	Wzorcowy regulamin strzelnic - rozdz. 1, ust. 2, pkt 3
Czy organy Policji mają prawo zobowiązać posiadacza pozwolenia na broń do poddania się badaniom lekarskim i psychologicznym:	Tak, w przypadku, gdy istnieje uzasadnione podejrzenie, że osoba taka wykazuje istotne zaburzenia funkcjonowania psychologicznego, uzależnienie od alkoholu lub substancji psychoaktywnych, ograniczoną sprawność psychofizyczną oraz zaburzenia psychiczne, o których mowa w ustawie o ochronie zdrowia psychicznego	Tak, ale tylko wówczas, gdy posiadacz broni popełnił przestępstwo lub wykroczenie związane z użyciem lub wykorzystaniem broni w celach innych niż określono w pozwoleniu na broń	Nie	A	UoBiA - Art. 15, ust. 5
Czy osoba deponująca broń w jednostce Policji ma prawo do dostępu do niej w celu okazania jej osobom zainteresowanym jej nabyciem oraz oceny stanu broni:	Tak, ale dopiero po uzgodnieniu z jednostką deponującą.	Nie.	Tak, w każdej chwili.	A	Rozporządzenie w sprawie deponowania broni - § 8, ust. 1
Czy osoba skazana prawomocnym orzeczeniem sądu za nieumyślne przestępstwo przeciwko bezpieczeństwu w komunikacji popełnione w stanie nietrzeźwości może otrzymać pozwolenie na broń?	Tak	Nie	Tak, po roku od dnia skazania.	B	UoBiA - Art. 15, ust. 1
Czy osoba skazana prawomocnym orzeczeniem sądu za nieumyślne przestępstwo przeciwko życiu i zdrowiu może otrzymać pozwolenie na broń?	Tak, jeśli uzyska pozytywną opinię dzielnicowego.	Nie.	Tak.	B	UoBiA - Art. 15, ust. 1
Czy osobie posiadającej broń zgodnie z przepisami i przeciwko której toczy się postępowanie karne o umyślne przestępstwa lub umyślne przestępstwa skarbowe, policja może za pokwitowaniem odebrać broń i amunicję oraz dokumenty potwierdzające legalność posiadania broni	tak, ale tylko do czasu prawomocnego zakończenia tego postępowania, na okres nie dłuższy niż 5 lat	tak, ale tylko do czasu prawomocnego zakończenia tego postępowania, na okres nie dłuższy niż 3 lata	tak, ale tylko do czasu prawomocnego zakończenia tego postępowania, na okres nie dłuższy niż 7 lat	B	UoBiA - Art. 19, ust. 1a
Czy Sąd może odstąpić od wymierzenia kary bądź zastosować nadzwyczajne złagodzenie kary w razie przekroczenia granicy obrony koniecznej?	Tak, na wniosek poszkodowanego	Tak, gdy sprawca działał w celu odparcia bezpośredniego, bezprawnego zamachu na jakiekolwiek dobro chronione prawem i zastosował sposób obrony niewspółmierny do niebezpieczeństwa zamachu	Nie.	B	KK - Art. 26, § 3
Czy ustawodawca zabrania noszenia broni posiadanej na podstawie pozwolenia (bez zgody właściwego organu policji)?	tak, ale dotyczy to wyłącznie broni posiadanej do celów kolekcjonerskich lub pamiątkowych	tak, ale dotyczy to wyłącznie broni szczególnie niebezpiecznej	tak, ale dotyczy to wyłącznie broni posiadanej w celach rekonstrukcji historycznych	A	UoBiA - Art. 10, ust. 8
Czy wolno posiadać amunicję wykonaną niefabrycznie, w tym także taką, do której wytworzenia wykorzystano fabrycznie nowe elementy amunicji?	Tak, pod warunkiem, że amunicja ta została wytworzona na własny użytek przez osobę posiadającą pozwolenie na broń myśliwską, sportową lub kolekcjonerską.	Tak, o ile amunicja wykonana niefabrycznie zachowuje parametry metryczne (tj. kaliber i długość łuski).	Nie.	A	UoBiA - Art. 10, ust. 4, pkt 4
Do czego służy Europejska karta broni palnej?	Do skorzystania z możliwości swobodnego przemieszczania się i używanie broni palnej w innym państwie członkowskim Unii Europejskiej.	Do zakupu broni na terenie całego świata.	Do zakupu broni na terenie Unii Europejskiej.	A	UoBiA - Art. 7a, ust. 1
Do jakich rodzajów broni i amunicji uprawnia pozwolenie na broń wydane w celu ochrony osobistej?	broni palnej: bojowej, gazowej, alarmowej w postaci pistoletów lub rewolwerów centralnego zapłonu o kalibrach od 6 mm do 12 mm,	pistoletów maszynowych o kalibrze od 6 mm do 12 mm,	karabinków samoczynnych o kalibrze od 5,45 mm do 7,62 mm;	A	UoBiA - Art. 10, ust. 4, pkt 1a
Do jakich rodzajów broni i amunicji uprawnia pozwolenie na broń wydane w celu rekonstrukcji historycznych?	przystosowanej do strzelania wyłącznie przy pomocy prochu czarnego (dymnego);	strzelb powtarzalnych o kalibrze wagomiarowym 12,	broni alarmowej albo innej broni palnej, konstrukcyjnie przeznaczonej do strzelania wyłącznie amunicją ślepą, w tym samoczynnej;	C	UoBiA - Art. 10, ust. 4, pkt 6
Do jakich rodzajów broni i amunicji uprawnia pozwolenie na broń wydane w celu sportowym?	bocznego zapłonu z lufami gwintowanymi, o kalibrze do 6 mm,	centralnego zapłonu z lufami gwintowanymi, o kalibrze do 12 mm,	obie odpowiedzi są prawidłowe	C	UoBiA - Art. 10, ust. 4, pkt 4
Do kategorii broni szczególnie niebezpiecznej zalicza się:	broń, której rażenie obezwładniające wynosi powyżej 300 metrów	broń palną, której nie można wykryć przy pomocy urządzeń przeznaczonych do kontroli osób i bagażu	narzędzia i urządzenia, których używanie może zagrażać życiu lub zdrowiu	B	UoBiA - Art. 10, ust. 5, pkt 4
Dokonanie zmiany błędnego wpisu w ewidencji posiadanej broni i amunicji polega na:	usunięciu błędnego wpisu w sposób trwały i zastąpienie go poprawnym wpisem.	wymazaniu błędnego wpisu oraz wprowadzenie w jego miejsce wpisu poprawnego.	skreśleniu błędnego wpisu kolorem czerwonym w sposób czytelny, naniesienie poprawnego wpisu ze wskazaniem daty dokonania zmiany i nazwiska osoby uprawnionej do dokonania zmiany wraz z jej własnoręcznym podpisem.	C	Rozporządzenie w sprawie noszenia i przechowywania broni - § 11, ust. 3.
Dopuszczenie do posiadania broni następuje w drodze:	pisemnego wniosku pracownika ochrony	pisemnego wniosku pracodawcy	decyzji administracyjnej, wydawanej przez właściwy organ Policji	C	UoBiA - Art. 12, ust. 1
Dopuszczenie do posiadania broni wydaje się osobom:	mającym ukończonych 21 lat	pełnoletnim	mającym ukończonych 16 lat	A	UoBiA - Art. 15, ust. 1
Dozwolone jest użyczanie broni:	odpowiadającej celom łowieckim i sportowym wyłącznie osobom posiadającym pozwolenie na broń wydane w celach łowieckich lub sportowych.	odpowiadającej celom szkoleniowym wyłącznie osobom prowadzącym strzelnicę.	odpowiadającej celom ochrony osobistej wyłącznie osobom posiadającym pozwolenie na broń wydane w celach ochrony osobistej oraz ochrony osób i mienia.	A	UoBiA - Art. 28, ust. 1
Europejska karta broni palnej wydawana jest na okres:	niezbędny do dokonania zakupu i przewiezienia broni przez terytorium państwa członkowskiego Unii Europejskiej.	bezterminowo.	do 5 lat.	C	UoBiA - Art. 10a, ust. 2
Ewidencja posiadanej broni i amunicji podmiotu posiadającego broń i amunicję:	może być prowadzona z wykorzystaniem elektronicznych metod przetwarzania informacji pod warunkiem zastosowania rozwiązań systemowych umożliwiających rejestrację i przechowywanie wszystkich operacji wraz z kopią zapasową oraz pozwalających na ich weryfikację na podstawie dokumentów przechowywanych przez podmiot posiadający broń i amunicję przez okres 5 lat od dokonania ostatniego wpisu.	może być prowadzona w formie elektronicznych wydruków komputerowych, przy czym zmiany wpisów muszą być dokonywane kolorem czerwonym w sposób czytelny, ze wskazaniem daty zmiany i nazwiska osoby uprawnionej do dokonania takiej zmiany.	musi być prowadzona w formie papierowej, a wpisy w ewidencji muszą być dokonywane kolorem niebieskim lub czarnym w sposób czytelny.	A	Rozporządzenie w sprawie noszenia i przechowywania broni - § 11, ust. 4.
Istotną częścią amunicji nie jest:	łuska	proch strzelniczy	spłonka	A	UoBiA - Art. 5, ust. 3
Istotnymi częściami broni palnej i pneumatycznej są	szkielet broni, baskila, lufa, komora zamkowa, magazynek	szkielet broni, baskila, lufa z komorą nabojową, zamek, komora zamkowa oraz bęben nabojowy	szkielet broni, baskila, lufa, zamek, komora zamkowa oraz bęben nabojowy	B	UoBiA - Art. 5, ust. 2
Jednostkami organizacyjnymi uprawnionymi do deponowania broni i amunicji są?	Policja, Żandarmeria Wojskowa lub organ celny	Wojewódzka Komenda Policji	Powiatowa Komenda Policji	A	UoBiA - Art. 24
Jeżeli podczas strzelania zauważy się jakiekolwiek niebezpieczeństwo na terenie strzelnicy, należy:	przestać strzelać i wydać głośna komendę „STOP" lub "PRZERWIJ OGIEŃ”.	przerwać ogień i czekać, aż prowadzący zauważy niebezpieczeństwo.	podejść do prowadzącego i zwrócić mu uwagę.	A	Wzorcowy regulamin strzelnic - rozdz. 3, ust. 4
Kalibrem broni gazowej i alarmowej jest:	ilość kul ołowianych o średnicy lufy odlanych z jednego funta angielskiego ołowiu (453,592 gramy) lub średnica przewodu lufy podana w milimetrach.	najmniejsza średnica części prowadzącej przewodu lufy, mierzona na polach gwintu i wyrażona w milimetrach lub calach.	średnica komory nabojowej.	C	UoBiA - Art. 7, ust. 5
Kalibrem broni o lufach gładkich jest:	najmniejsza średnica części prowadzącej przewodu lufy, mierzona na polach gwintu i wyrażona w milimetrach lub calach.	ilość kul ołowianych o średnicy lufy odlanych z jednego funta angielskiego ołowiu (453,592 gramy) lub średnica przewodu lufy podana w milimetrach.	średnica komory nabojowej.	B	UoBiA - Art. 7, ust. 6
Kalibrem broni palnej o lufach gwintowanych jest:	średnica przewodu lufy mierzona w bruzdach.	najmniejsza średnica części prowadzącej przewodu lufy, mierzona na polach gwintu i wyrażona w milimetrach lub calach.	średnica i długość komory nabojowej.	B	UoBiA - Art. 7, ust. 4
Karabinek samoczynny o kalibrze od 5,45 mm do 7,62 mm można posiadać w ramach pozwolenia na broń wydanego w celach	ochrony osób i mienia	szkoleniowych	obie odpowiedzi są prawidłowe	C	UoBiA - Art. 10, ust. 4, pkt 2e i 5
Karty ewidencji posiadanej broni i amunicji podmiotu posiadającego broń i amunicję powinny być:	być oznaczone numerycznie, opieczętowane lub oznaczone logotypem podmiotu posiadającego broń i amunicję.	ponumerowane i opatrzone na każdej stronie pieczęcią podmiotu posiadającego broń i amunicję.	ponumerowane, przeszyte i opatrzone na ostatniej stronie pieczęcią podmiotu posiadającego broń i amunicję.	C	Rozporządzenie w sprawie noszenia i przechowywania broni - § 11, ust. 1.
Komędę „stop” może wydać	tylko prowadzący strzelanie	każda osoba, która uzna, iż istnieje zagrożenie na strzelnicy	tylko osoba uczestnicząca w strzelaniu	B	Wzorcowy regulamin strzelnic - rozdz. 3, ust. 4
Komu może użyczyć broń jej właściciel posiadający ją na pozwolenie kolekcjonerskie?	nie ma takiej możliwości	osobie posiadającej pozwolenie na ten sam rodzaj i typ broni	osobie posiadającej pozwolenie sportowe lub myśliwskie na ten sam rodzaj i typ broni	A	UoBiA - Art. 28
Kontrolę magazynu broni stwierdzającą, czy magazyn broni spełnia warunki określone w przepisach oraz czy sposób zabezpieczenia broni i amunicji jest zgodny z wymogami określonymi w przepisach przeprowadza:	upoważniony przez komendanta wojewódzkiego (Komendanta Stołecznego) Policji funkcjonariusz Policji.	kierownik podmiotu posiadającego broń i amunicję lub zatrudniona przez niego i upoważniona pisemnie osoba posiadająca dopuszczenie do posiadania broni.	przedstawiciel Państwowej Straży Pożarnej.	A	Rozporządzenie w sprawie noszenia i przechowywania broni - § 4, ust. 2.
Kto bez wymaganego zezwolenia posiada broń palną lub amunicję, podlega karze pozbawienia wolności	od roku do 5 lat	od sześciu miesięcy do lat 8	od roku do 10 lat	B	KK - Art. 263, § 2
Kto narusza zakaz przesyłania broni lub amunicji za pośrednictwem podmiotów innych niż operatorzy świadczący usługi pocztowe, podlega	karze grzywny	karze aresztu albo grzywny	aresztu	B	UoBiA - Art. 51, ust. 2, pkt 6
Kto nie dopełnia obowiązku rejestracji broni popełnia?	wykroczenie	przestępstwo	występek	A	UoBiA - Art. 51, ust. 2, pkt. 1
Kto nie dopełnia obowiązku zawiadomienia Policji o utracie lub zbyciu innej osobie broni i amunicji do tej broni podlega:	wykluczeniu z dalszego prawa do ubiegania się o kolejną jednostkę broni.	upomnieniu oraz naprawienia błędu.	karze aresztu lub grzywny.	C	UoBiA - Art. 51, ust. 2, pkt. 2
Kto nie dopełnił obowiązku zwrotu legitymacji osoby dopuszczonej do posiadania broni, legitymacji posiadacza broni, karty rejestracyjnej broni lub europejskiej karty broni palnej podlega	karze grzywny	karze aresztu albo grzywny	aresztu	B	UoBiA - Art. 51, ust. 2, pkt 13
Kto nieumyślnie powoduje utratę broni palnej lub amunicji, która zgodnie z prawem pozostaje w jego dyspozycji, podlega	grzywnie lub karze ograniczenia wolności	grzywnie, karze ograniczenia wolności albo pozbawienia wolności do roku	grzywnie, karze ograniczenia wolności albo pozbawienia wolności do 2 lat	B	KK - Art. 263, § 4
Kto nosi broń znajdując się w stanie po użyciu alkoholu, środka odurzającego lub substancji psychotropowej albo środka zastępczego:	podlega grzywnie, karze ograniczenia wolności lub pozbawienia wolności.	podlega karze aresztu albo grzywny.	podlega karze ograniczenia wolności do lat 2.	B	UoBiA - Art. 18, ust. 1, pkt 4
Kto nosi broń, naruszając ograniczenie lub wykluczenie możliwości jej noszenia określone przez właściwy organ Policji w pozwoleniu na broń, albo nosi broń, naruszając zakaz jej noszenia wprowadzony przez ministra właściwego do spraw wewnętrznych podlega karze:	aresztu lub grzywny	cofnięcia pozwolenia na broń	ograniczenia wolności do lat trzech	A	UoBiA - Art. 51, ust. 2, pkt. 10
Kto nosi broń, znajdując się w stanie po użyciu alkoholu, środka odurzającego lub substancji psychotropowych albo środka zastępczego podlega	karze arestu albo grzywny	grzywnie, karze ograniczenia wolności lub pozbawienia wolności	karze aresztu lub pozbawienia wolności	A	UoBiA - Art. 51, ust. 2, pkt. 4
Kto porzuca broń lub amunicje, popełnia w myśl UoBiA?	wykroczenie	przestępstwo	przewinienie	B	UoBiA - Art. 50
Kto porzuca broń palną lub amunicję, która pozostaje w jego dyspozycji, podlega:	karze dyscyplinarnej.	karze odebrania uprawnień do posiadania broni palnej.	grzywnie, karze ograniczenia wolności albo pozbawienia wolności do lat 2.	C	UoBiA - Art. 50
Kto posiada broń lub amunicje bez pozwolenia podlega karze?	pozbawienia wolności od 0,5 roku do 8 lat	pozbawienia wolności od 1 roku do 10 lat	grzywny abo arestu	A	KK - Art. 263, § 2
Kto posiada broń, nie mając przy sobie legitymacji posiadacza broni albo legitymacji osoby dopuszczonej do posiadania broni podlega	karze grzywny	karze aresztu	karze ograniczenia wolności do lat 2	A	UoBiA - Art. 51, ust. 3
Kto przechowuje oraz nosi broń i amunicję w sposób umożliwiający dostęp do nich osób nieuprawnionych, podlega	grzywnie lub karze ograniczenia wolności	grzywnie, karze ograniczenia wolności albo pozbawienia wolności do roku	karze aresztu albo grzywny	C	UoBiA - Art. 51, ust. 2, pkt 7
Kto, mając zezwolenie na posiadanie broni palnej lub amunicji, udostępnia lub przekazuje ją osobie nieuprawnionej podlega?	podlega grzywnie, karze ograniczenia wolności albo pozbawienia wolności do lat 2.	podlega grzywnie, karze ograniczenia wolności albo pozbawienia wolności do roku.	podlega grzywnie, karze ograniczenia wolności albo pozbawienia wolności do lat 3.	A	KK - Art. 263, § 3
Która z niżej wymienionych odpowiedzi stanowi definicję broni palnej	każda przenośna broń lufowa, która miota, jest przeznaczona do miotania lub może być przystosowana do miotania jednego lub większej liczby pocisków lub substancji w wyniku działania materiału miotającego	niebezpieczne dla życia lub zdrowia urządzenie, które w wyniku działania sprężonych gazów, powstających na skutek spalania materiału miotającego, jest zdolne do wystrzelenia pocisku lub substancji z lufy albo z elementu zastępującego lufę, a przez to zdolne do rażenia celów na odległość	każda przenośna broń palna, która miota za pomocą lufy lub jest przygotowana w inny sposób do miotania pocisków za pomocą materiałów miotających lub innych substancji	A	UoBiA - Art. 7, ust. 1
Legalność posiadania broni przez osoby dopuszczone do posiadania broni potwierdza się w:	legitymacji osoby dopuszczonej do posiadania broni	świadectwie broni	legitymacji posiadacza broni	A	UoBiA - Art. 10, ust. 7
Magazyn broni powinien być zabezpieczony:	syreną alarmową, której czujniki umieszczone są na drzwiach i w oknie.	kratą w oknach oraz drzwiami antywłamaniowymi wyposażonymi w zamki o skomplikowanym mechanizmie.	systemem sygnalizacji włamania i napadu spełniającym wymagania co najmniej normy PN-EN 50131-1 z transmisją sygnału alarmu do uzbrojonego stanowiska interwencyjnego, pełniącego całodobowy dyżur.	C	Rozporządzenie w sprawie noszenia i przechowywania broni - § 4, ust. 2. pkt. 4
Magazyn broni stanowi oddzielne pomieszczenie w budynku o konstrukcji niepalnej, wydzielone ścianami murowanymi, usytuowane w miarę możliwości na piętrze, posiadające m.in:	dwa zamki kluczowe o skomplikowanym mechaniźmie z zabezpieczeniem antywłamaniowym.	zabezpieczenie systemem sygnalizacji pożarowej z transmisją sygnału alarmu do pełniącego całodobowy dyżur pracownika monitoringu.	skrzynię z piaskiem lub inne urządzenie służące do przechwytywania pocisków, z oznaczeniem „TU KIERUJ BROŃ”, w miejscu ładowania i rozładowywania broni.	C	Rozporządzenie w sprawie noszenia i przechowywania broni - § 4, ust. 2. pkt. 5
Magazyn broni wyposaża się w:	gaśnicę proszkową ABC o masie środka gaśniczego co najmniej 4 kg oraz koc gaśniczy.	gaśnicę tetrową typu B - do gaszenia pożarów cieczy i ciał stałych, które paląc się ulegają stopieniu np. benzyny, polietylenu, smoły.	gaśnicę pianową typu D - do gaszenia pożarów metali palnych np. magnezu, sodu, uranu.	A	Rozporządzenie w sprawie noszenia i przechowywania broni - § 4, ust. 1. pkt 1
Miotacze gazu obezwładniającego można posiadać:	na podstawie pozwolenia na broń.	bez zezwolenia.	na podstawie karty rejestracyjnej miotacza gazu obezwładniającego.	A	UoBiA - Art. 9, ust. 3
Na strzelnicę zwierzęta:	nie mogą być wprowadzane.	mogą być wprowadzane, tylko przez swojego przewodnika, jeżeli odbyły tresurę z zakresu posłuszeństwa.	mogą być wprowadzane tylko w wyjątkowych przypadkach oraz obowiązkowo powinny być trzymane na uwięzi i pod ścisłym nadzorem opiekuna.	C	Wzorcowy regulamin strzelnic - rozdz. 3, ust. 5
Na strzelnicy zabrania się?	używania broni innych osób korzystających ze strzelnicy, bez zgody jej użytkownika,	ładowania, rozładowywania i celowania w miejscach wyznaczonych przez prowadzącego strzelanie,	poruszania na wózkach inwalidzkich,	A	Wzorcowy regulamin strzelnic - rozdz. 1, ust. 2, pkt 2
Na terenie strzelnicy broń z kabury wyjmuje się:	po wejściu na linię ognia.	na polecenie prowadzącego.	po otrzymaniu od amunicyjnego przydzielonej amunicji.	B	Wzorcowy regulamin strzelnic - rozdz. 2, ust. 2
Na terenie strzelnicy można prowadzić trening bezstrzałowy:	w miejscu oznaczonym lub wyznaczonym przez prowadzącego.	w dowolnym miejscu.	na linii ognia.	A	Wzorcowy regulamin strzelnic - rozdz. 2, ust. 2
Nabywanie broni lub amunicji przy użyciu środków porozumiewania się na odległość jest:	zabronione	dozwolone		B	UoBiA - Art. 12a, ust. 1
Nabywca broni jest obowiązany zarejestrować ją w ciągu:	3 dni od dnia nabycia.	5 dni od dnia nabycia.	14 dni od dnia nabycia.	B	UoBiA - Art. 13, ust. 1
Nabywca broni jest obowiązany zarejestrować ją?	w ciągu 5 dni od dnia nabycia.	w ciągu 24 godzin od dnia nabycia.	w ciągu 7 dni od dnia nabycia.	A	UoBiA - Art. 13, ust. 1
Nabywca broni ma obowiązek ją zarejestrować w ciągu	5 dni od dnia zakupu	14 dni od dnia zakupu	3 dni od dnia zakupu	A	UoBiA - Art. 13, ust. 1
Nie popełnia przestępstwa ten, kto:	unika zamachu np. poprzez ukrycie się.	działa w celu uchylenia zamachu.	ratując dobro chronione prawem poświęca dobro, które nie przedstawia wartości oczywiście wyższej od dobra ratowanego.	C	KK - Art. 26
Nie wymaga się pozwolenia na broń:	otrzymaną na drodze spadku lub darowizny	posiadaną do celów pamiątkowych	używania broni w celach sportowych, szkoleniowych lub rekreacyjnych na strzelnicy działającej na podstawie zezwolenia właściwego organu	C	UoBiA - Art. 11, ust. 1, pkt. 2
Noszenie broni oznacza:	każdy sposób przemieszczania załadowanej broni przez osobę posiadającą broń.	przenoszenie lub przewożenie broni lub aminicji.	posiadanie przy sobie broni niezależnie od celu posiadania.	A	UoBiA - Art. 10, ust. 9
O fakcie kradzieży broni lub amunicji należy powiadomić Policję albo Żandarmerię Wojskową:	w ciągu 7 dni.	niezwłocznie, nie póżniej jednak niż w ciągu 24 godzin od stwierdzenia kradzieży.	w ciągu 3 dni.	B	UoBiA - Art. 25, ust. 1
O zmianie miejsca stałego pobytu, osoba posiadająca pozwolenie na broń jest zobowiązana powiadomić organ Policji:	w terminie 14 dni.	w terminie 7 dni.	obecnie robi to organ meldunkowy.	A	UoBiA - Art. 26, ust. 1
Obowiązek złożenia broni palnej i amunicji do depozytu zgodnie z treścią ustawy z dnia 21 maja 1999 r. o broni i amunicji nałożony jest na osobę, która:	utraciła prawo do posiadania broni palnej - jeżeli broń nie została zbyta w terminie 30 dni.	zamierza przebywać poza granicami kraju dłużej niż 6 miesięcy.	posiada broń technicznie niesprawną, a jej naprawa nie może być dokonana w okresie krótszym niż 3 miesiące.	A	UoBiA - Art. 22, ust. 3
Obowiązek złożenia broni palnej i amunicji do depozytu zgodnie z treścią ustawy z dnia 21 maja 1999 r. o broni i amunicji nałożony jest na osobę, która:	zamierza pozbawić broń cech użytkowych.	oczekuje na zgodę na wywóz broni i amunicji poza granice Rzeczpospolitej Polskiej.	weszła w posiadanie broni po osobie zmarłej.	C	UoBiA - Art. 23, ust. 1, pkt. 3
Obrona konieczna to działanie wyłącznie w celu	odparcia bezpośredniego, bezprawnego zamachu na jakiekolwiek dobro chronione prawem	odparcia bezprawnego zamachu na dobro chronione prawem	uchylenia bezpośredniego niebezpieczeństwa grożącemu dobru chronionemu prawem	A	KK - Art. 25, § 1
Obrona konieczna to działanie wyłącznie w celu:	uchylenia bezpośredniego niebezpieczeństwa grożącego jakiemukolwiek dobru chronionemu prawem, bądź ratowania dobra chronionego prawem, poświęcając dobro o wartości niższej od dobra ratowanego, jeżeli niebezpieczeństwa nie można uniknąć inaczej.	obezwładnienia osoby wobec której użycie broni jest prawem dozwolone.	odparcia bezpośredniego, bezprawnego zamachu na jakiegokolwiek dobro chronione prawem.	C	KK - Art. 25, § 1
Opłatę za przechowywanie broni oraz amunicji wpłaca się do?	kasy lub na rachunek bankowy jednostki deponującej, najpóźniej w dniu przekazania broni i amunicji do depozytu.	kasy lub na rachunek bankowy Urzędu Miasta właściwego miejscu deponowania broni, najpóźniej w dniu odbioru broni i amunicji z depozytu.	kasy lub na rachunek bankowy jednostki deponującej, najpóźniej w dniu odbioru broni i amunicji z depozytu.	C	Rozporządzenie w sprawie deponowania broni - § 12
Opłatę za przechowywanie broni oraz amunicji wpłaca się najpóźniej?	w dniu przekazania broni i amunicji do depozytu.	w dniu odbioru broni i amunicji z depozytu	5 dni przed planowanym dniem odbioru broni i amunicji z depozytu.	B	Rozporządzenie w sprawie deponowania broni - § 12
Organizator polowania, imprezy sportowej lub rekonstrukcji historycznej z udziałem cudzoziemców przekazuje co najmniej na ile dni przed planowanym terminem polowania, imprezy sportowej lub rekonstrukcji historycznej - komendantowi wojewódzkiemu Policji właściwemu ze względu na miejsce polowania, imprezy sportowej lub rekonstrukcji historycznej, pisemną informację o planowanej dacie i miejscu polowania, imprezy sportowej lub rekonstrukcji historycznej oraz przybliżonej liczbie uczestników?	5 dni	7 dni	14 dni	B	UoBiA - Art. 42, ust. 2b
Osoba będąca pod wpływem alkoholu lub innych środków odurzających, udział w zajęciach z bronią:	absolutnie nie może wziąć.	może wziąć.	może wziąć za zgodą prowadzącego.	A	UoBiA - Art. 51, ust. 2, pkt. 4
Osoba dopuszczona do posiadania broni, podczas wykonywania zadań służbowych obowiązana jest posiadać przy sobie:	świadectwo broni, dowód osobisty, legitymację osoby dopuszczonej do posiadania broni.	legitymację posiadacza broni, świadectwo broni.	świadectwo broni, legitymację osoby dopuszczonej do posiadania broni.	C	UoBiA - Art. 51, ust. 3, pkt. 2
Osoba posiadająca pozwolenie na broń wydane w celu ochrony osobistej obowiązana jest raz na 5 lat przedstawić właściwemu organowi Policji orzeczenia lekarskie i psychologiczne potwierdzające, że może dysponować bronią, wystawione nie wcześniej niż:	3 miesiące przed upływem tego terminu.	2 miesiące przed upływem tego terminu.	1 miesiąc przed upływem tego terminu.	A	UoBiA - Art. 15, ust. 4
Osoba, która utraciła uprawnienie do posiadania broni, jest obowiązana niezwłocznie:	przekazać broń najbliższej jednostce organizacyjnej Policji.	zbyć broń i amunicję do tej broni.	zdać broń i amunicję do tej broni do depozytu prowadzonego przez organ Policji, który cofnął pozwolenie do posiadania broni.	B	UoBiA - Art. 22, ust. 1
Osoba, która występuje z podaniem o wydanie dopuszczenia do posiadania broni jest zobowiązana:	przedstawić aktualne zaświadczenie lekarskie.	zdać egzamin przed komisją powołaną przez właściwy organ Policji ze znajomości przepisów dot. posiadania i używania danej broni oraz umiejętności posługiwania się tą bronią.	przedstawić zaświadczenie potwierdzające fakt zatrudnienia w podmiocie posiadającym broń na „okaziciela”.	B	UoBiA - Art. 30, ust. 1
Osoba, która złożyła broń do depozytu Policji:	ma swobodny dostęp do zdeponowanej broni o ile jest jej właścicielem.	ma prawo dostępu do broni, w celu okazania osobom zainteresowanym jej nabyciem oraz w celu oceny stanu broni, po uzgodnieniu terminu z jednostką deponującą.	nie ma dostępu do zdeponowanej broni.	B	Rozporządzenie w sprawie deponowania broni - § 8, ust. 1
Osoba, nabywająca broń i amunicję w państwach niebedących państwami członkowskimi Unii Europejskiej, jeżeli nie posiada pozwolenia na broń, jest  obowiązana:	niezwłocznie złożyć przywożoną broń i amunicję do depozytu właściwego organu celnego, a także, w terminie 14 dni od dnia przywozu broni na terytorium Rzeczypospolitej Polskiej, wystąpić do właściwego organu Policji z wnioskiem o wydanie pozwolenia na broń.	przekraczając granicę Rzeczypospolitej Polskiej, do pisemnego zgłoszenia najbliższej jednostce Policji przywóz broni i amunicji.	zarejestrować broń w ciągu 5 dni od dnia nabycia.	A	UoBiA - Art. 37a, ust. 3
Osobom deklarującym zakup broni palnej lub amunicji w innym państwie członkowskim Unii Europejskiej właściwy terytorialnie komendant wojewódzki Policji, na ich wniosek, poświadcza?	zgodę przewozową	uprzednią zgodę przewozową	zgodę przewozową i uprzednią zgodę przewozową	B	UoBiA - Art. 37a, ust. 1
Osoby posiadające broń i amunicję na podstawie pozwolenia na broń, są obowiązane przechowywać ją?	w szfie pancernej z przynajmniej dwoma zamkami atestowanymi.	w urządzeniach spełniających wymagania co najmniej klasy S2 według normy PN-EN 14450.	w urządzeniach spełniających wymagania co najmniej klasy S1 według normy PN-EN 14450.	C	Rozporządzenie w sprawie noszenia i przechowywania broni - § 5, ust. 1.
Osoby posiadające broń palną i amunicję do niej w celu ochrony osobistej, są obowiązane przechowywać ją:	w urządzeniach spełniających wymagania co najmniej klasy S1 według normy PN-EN 14450	w magazynie broni wyjętą z futerału i rozładowaną, ze zwolnionym kurkiem i odłączonym magazynkiem, zabezpieczoną, technicznie sprawną, ukompletowaną, czystą i zakonserwowaną	w miejscu swojego zamieszkania, w sposób uniemożliwiający dostęp do broni osób nieupoważnionych	A	Rozporządzenie w sprawie noszenia i przechowywania broni - § 2, ust. 1.
Po ukończeniu strzelania, należy:	schować broń do kabury i pozostać na linii ognia.	pozostać na linii ognia z bronią w pozycji gotowości i czekać na komendę prowadzącego.	wyjąć magazynek z broni i zejść z linii ognia.	B	Wzorcowy regulamin strzelnic - rozdz. 2, ust. 6
Po usłyszeniu na strzelnicy komendy „STOP” lub "PRZERWIJ OGIEŃ", należy:	natychmiast przerwać strzelanie i pozostać w postawie gotowości.	dać jeden strzał, jeżeli broń była już wycelowana i przerwać strzelanie.	dokończyć strzelanie i pozostać w postawie gotowości.	A	Wzorcowy regulamin strzelnic - rozdz. 3, ust. 4
Po zakończeniu strzelania	samemu sprawdza się broń, a następnie po uzyskaniu zgody od prowadzącego strzelanie, opuszcza się stanowisko strzeleckie z bronią	po sprawdzeniu broni przez prowadzącego strzelanie, broń chowa się do kabury i opuszcza stanowisko strzeleckie	broń rozładowuje się, przedstawia do kontroli prowadzącemu strzelanie oraz zabezpiecza	C	Wzorcowy regulamin strzelnic - rozdz. 2, ust. 6
Posiadacz broni, w przypadku jej utraty, zobowiązany jest niezwłocznie powiadomić o tym fakcie policję, nie później jednak niż w ciągu	12 godzin od chwili stwierdzenia utraty broni	24 godzin od chwili stwierdzenia utraty broni	48 godzin od chwili stwierdzenia utraty broni	B	UoBiA - Art. 25
Posiadanie broni, nie mając przy sobie legitymacji osoby dopuszczonej do posiadania broni i świadectwa broni stanowi:	przestępstwo	naruszenie obowiązków pracowniczych wynikających z kodeksu pracy.	wykroczenie	C	UoBiA - Art. 51
Pozwolenia na broń nie wymaga się między innymi w przypadku:	gromadzenia broni w zbiorach muzealnych na podstawie odrębnych przepisów.	posiadania przedmiotów przeznaczonych do obezwładniania osób za pomocą energii elektrycznej o średniej wartości prądu w obwodzie przekraczającej 10 mA.	posiadania broni palnej o kalibrze powyżej 6 mm.	A	UoBiA - Art. 11, ust. 1, pkt. 1
Pozwolenia na broń nie wymaga się w przypadku	posiadania broni palnej rozdzielnego ładowania, wytworzonej po roku 1885 oraz replik tej broni	posiadania broni palnej pozbawionej cech użytkowych	posiadania broni alarmowej o kalibrze powyżej 6 mm	B	UoBiA - Art. 11, ust. 1, pkt. 10
Pozwolenia na broń nie wymaga się w przypadku:	posiadania pistoletów i rewolwerów gazowych.	dysponowania bronią cudzą.	posiadania broni pneumatycznej.	C	UoBiA - Art. 11, ust. 1, pkt. 9
Pozwolenie na broń - z wyłączeniem broni sportowej i myśliwskiej - wydaje się osobie, która ukończyła:	17 lat, na wniosek stowarzyszenia obronnego po uzyskaniu zgody rodzica lub innego opiekuna prawnego 	18 lat	21 lat	C	UoBiA - Art. 15, ust. 1, pkt. 1
Pozwolenie na broń może być wydane między innymi w celu:	prewencyjnym	ochrony osób i mienia	obrony własnej	B	UoBiA - Art. 10, ust. 2
Pozwolenie na broń palną bojową wydane w celu ochrony osobistej lub ochrony osób i mienia, stanowi jednocześnie pozwolenie na	broń gazową	broń gazową i alarmową	broń sygnałową	B	UoBiA - Art. 9, ust. 7
Pozwolenie na broń służącą do celów kolekcjonerskich może być wydane na	broń palną wytworzoną lub przerobioną w sposób pozwalający na zatajenie jej przeznaczenia, a także broń imitującą inne przedmioty	broń palną centralnego zapłonu z lufami gwintowanymi, o kalibrze do 12 mm	samoczynną broń palną w postaci pistoletów maszynowych o kalibrze od 6 mm do 12 mm	B	UoBiA - Art. 10, ust. 4, pkt 7
Pozwolenie na broń służącą do celów kolekcjonerskich może być wydane na	broń dopuszczoną do wykonywania polowań na podstawie odrębnych przepisów	samoczynną broń palną w postaci karabinków o kalibrze od 5,45 mm do 7,62 mm	broń palną, której nie można wykryć przy pomocy urządzeń przeznaczonych do kontroli osób i bagażu	A	UoBiA - Art. 10, ust. 4, pkt 7
Pozwolenie na broń służącą do celów kolekcjonerskich może być wydane na:	samoczynną broń palną w postaci pistoletów maszynowych o kalibrze od 6 mm do 12 mm	broń palną centralnego zapłonu z lufami gwintowanymi, o kalibrze do 12 mm 	broń palną wytworzoną lub przerobioną w sposób pozwalający na zatajenie jej przeznaczenia, a także broń imitującą inne przedmioty	B	UoBiA - Art. 10, ust. 4, pkt 7
Pozwolenie na broń służącą do celów kolekcjonerskich nie może być wydane na:	broń dopuszczoną do wykonywania polowań na podstawie odrębnych przepisów	samoczynną broń palną w postaci karabinków o kalibrze od 5,45 mm do 7,62 mm	broń palną, której nie można wykryć przy pomocy urządzeń przeznaczonych do kontroli osób i bagażu	C	UoBiA - Art. 10, ust. 4, pkt 7
Pozwolenie na broń wydane do celów kolekcjonerskich uprawnia do posiadania następujących rodzajów broni:	samoczynnej broni palnej, zdolnej do rażenia celów na odległość	broni palnej bojowej, gazowej, alarmowej w postaci pistoletów lub rewolwerów centralnego zapłonu o kalibrach od 6 mm do 12 mm	broni alarmowej albo innej broni palnej, konstrukcyjnie przeznaczonej do strzelania wyłącznie amunicją ślepą, w tym samoczynnej	B	UoBiA - Art. 10, ust. 4, pkt 7
Pozwolenie na broń wydane do celów kolekcjonerskich, nie uprawnia do posiadania następujących rodzajów broni	broni palnej bojowej, gazowej, alarmowej w postaci pistoletów lub rewolwerów centralnego zapłonu o kalibrach od 6 mm do 12 mm	broni alarmowej albo innej broni palnej, konstrukcyjnie przeznaczonej do strzelania wyłącznie amunicją ślepą, w tym samoczynnej	samoczynnej broni palnej, zdolnej do rażenia celów na odległość	C	UoBiA - Art. 10, ust. 5, pkt 1
Pozwolenie na broń wydane w celu ochrony osobistej, uprawnia m.in. do posiadania następujących rodzajów broni	broni palnej: bojowej, gazowej, alarmowej w postaci pistoletów lub rewolwerów centralnego zapłonu o kalibrach od 6 mm do 12 mm	broni palnej: bojowej i gazowej w postaci pistoletów lub rewolwerów centralnego zapłonu o kalibrach od 6 mm do 9 mm	broni palnej: bojowej i alarmowej w postaci pistoletów lub rewolwerów centralnego zapłonu o kalibrach od 6 mm do 9 mm	A	UoBiA - Art. 10, ust. 4, pkt 1a
Pozwolenie na broń wydane w celu pamiątkowym, nie uprawnia do posiadania następujących rodzajów broni	gładkolufowej	centralnego zapłonu z lufami gwintowanymi, o kalibrze do 12 mm	karabinków samoczynnych o kalibrze od 5,45 mm do 7,62 mm	C	UoBiA - Art. 10, ust. 5, pkt 1
Przesyłanie broni i amunicji odbywa się za pośrednictwem:	konwojowanych transportów broni i amunicji.	podmiotów innych niż operatorzy świadczący usługi pocztowe.	operatorów świadczących usługi pocztowe.	C	UoBiA - Art. 36, ust. 1
Przywóz broni i amunicji z państw nie będących członkami Unii Europejskiej przez obywateli polskich wymaga:	posiadania zaświadczenia wydanego przez właściwego konsula Rzeczypospolitej Polskiej.	posiadania Europejskiej karty broni.	Świadectwa broni.	A	UoBiA - Art. 37, ust. 1
Przywóz przez obywateli polskich broni i amunicji, z państw niebędących państwami członkowskimi unii europejskiej, wymaga	uzyskania uprzedniej zgody przewozowej i zgody przewozowej	uprzedniego wydania zaświadczenia przez władze państwa z którego będzie przywożona broń	uprzedniego wydania zaświadczenia przez właściwego konsula Rzeczpospolitej Polskiej	C	UoBiA - Art. 37, ust. 1
Rejestracji nabytej broni dokonuje się na podstawie:	legitymacji posiadacza broni.	świadectwa broni.	dowodu nabycia broni.	C	UoBiA - Art. 13, ust. 2
Rozporządzenie w sprawie wzorcowego regulaminu strzelnic określa wzorcowy regulamin bezpiecznego funkcjonowania strzelnic, z uwzględnieniem?	warunków korzystania ze strzelnicy, sposobu obchodzenia się z bronią oraz zachowania się osób przebywających na strzelnicy	warunków korzystania ze strzelnicy, sposobu obchodzenia się z bronią, zachowania się osób przebywających na strzelnicy oraz przemieszczania się osób i pojazdów po terenie strzelnicy	warunków korzystania ze strzelnicy przez osoby niepełnosprawne	A	Wzorcowy regulamin strzelnic - 
Sąd może odstąpić od wymierzenia kary w razie przekroczenia granicy obrony koniecznej, gdy jej przekroczenie było wynikiem strachu lub wzburzenia usprawiedliwionego okolicznościami zamachu.	TRUE	FALSE		A	KK - Art. 26,
Stan wyższej konieczności jest to działanie wyłącznie w celu	odparcia bezpośredniego, bezprawnego zamachu na jakiekolwiek dobro chronione prawem	uchylenia bezpośredniego niebezpieczeństwa, grożącemu dobru chronionemu prawem	uchylenia bezpośredniego niebezpieczeństwa, grożącego jakiemukolwiek dobru chronionemu prawem, bądź ratowania dobra chronionego prawem, poświęcając dobro o wartości niższej od dobra ratowanego, jeżeli niebezpieczeństwa nie można uniknąć inaczej	C	KK - Art. 26,
Stan wyższej konieczności określa, że nie popełnia przestępstwa ten, kto:	unika zamachu np. poprzez ukrycie się	działa w celu uchylenia zamachu	ratując dobro chronione prawem poświęca dobro, które nie przedstawia wartości oczywiście wyższej od dobra ratowanego	C	KK - Art. 26, § 2.
Stan wyższej konieczności to?	stan, w którym grozi niebezpieczeństwo jakiemukolwiek dobru chronionemu prawem, jeżeli niebezpieczeństwa nie można inaczej uniknąć, a dobro poświęcone przedstawia wartość niższą od dobra ratowanego	stan zagrożenia życia lub zdrowia ludzkiego	stan, w którym grozi niebezpieczeństwo jakiemukolwiek dobru chronionemu prawem, jeżeli niebezpieczeństwa nie można inaczej uniknąć, a dobro poświęcone przedstawia wartość wyższą od dobra ratowanego	A	KK - Art. 26, § 1.
Szczegółowe zasady zachowania bezpieczeństwa na strzelnicy określa:	Instrukcja szkolenia pracowników ochrony	prowadzący strzelanie przed rozpoczęciem strzelania	regulamin strzelnicy	C	UoBiA - Art. 46, ust. 2
Świadectwo broni  może być wydane między innymi:	podmiotom wykonującym zadania związane z realizacją zabezpieczenia imprezy masowej.	obydwie odpowiedzi są prawidłowe.	przedsiębiorcom i jednostkom organizacyjnym, którzy na podstawie odrębnych przepisów powołali wewnętrzne służby ochrony, jeżeli broń jest niezbędna do wykonywania przez te służby zadań wynikających z planu ochrony.	C	UoBiA - Art. 29, ust. 1, pkt 1
Urządzenie wielokrotnego użycia, które w wyniku działania sprężonych gazów, powstających na skutek spalania materiału miotającego, jest zdolne do wystrzelenia z lufy o kalibrze nie mniejszym niż 25 mm substancji w postaci ładunku pirotechnicznego celem wywołania efektu wizualnego lub akustycznego stanowi:	broń palna alarmowa.	broń palna sygnałowa.	rakietnica.	B	UoBiA - Art. 7, ust. 2
Używanie broni w celach sportowych, szkoleniowych lub rekreacyjnych na strzelnicy działającej na podstawie zezwolenia właściwego organu wymaga posiadania	pozwolenia na broń palną wydanego do celów sportowych, szkoleniowych lub rekreacyjnych	dopuszczenia do posiadania broni w celach sportowych, szkoleniowych lub rekreacyjnych	nie wymaga się pozwolenia	C	UoBiA - Art. 11, ust. 1, pkt. 2
W magazynie broni przechowuje się następującą dokumentację:	ewidencję posiadanej broni i amunicji, wraz z kopiami dokumentów zakupu broni i amunicji.	książkę stanu uzbrojenia, książkę rejestru otwierania i zamykania magazynu broni, protokoły i listy przeprowadzonych strzelań z broni palnej.	wykazy pracowników upoważnionych do pobierania broni i amunicji z magazynu, książkę wydania-przyjęcia broni i amunicji, karty rozchodu amunicji.	A	Rozporządzenie w sprawie noszenia i przechowywania broni - § 6, ust. 2
W przypadku jakichkolwiek wątpliwości na terenie strzelnicy, należy pytać:	kolegę na sąsiednim stanowisku strzeleckim.	na strzelnicy nie wolno nikogo o nic pytać, aby nie przeszkadzać.	prowadzącego strzelanie.	C	Wzorcowy regulamin strzelnic - 
W przypadku naruszenia przez osobę posiadającą pozwolenie na broń, zasady użyczania broni osobie nieuprawnionej, organ Policji:	może cofnąć pozwolenie na broń.	odbiera pozwolenie na broń oraz orzeka przepadek broni.	w stosunku do osoby nieuprawnionej składa wniosek do prokuratury w sprawie posługiwania się bronią palną bez wymaganych uprawnień, natomiast w stosunku do osoby posiadającej pozwolenie na broń podejmuje czynności zmierzające do zawieszenia pozwolenia na broń do czasu rozstrzygnięcia sądowego w sprawie użyczenia broni osobie nieuprawnionej.	A	UoBiA - Art. 18, ust. 5, pkt 7
W przypadku nieprzechowywania broni posiadanej na podstawie pozwolenia kolekcjonerskiego w szafie S1 jakie muszą być spełnione dodatkowe warunki?	nie ma żadnych dodatkowych warunków jeżeli przechowuje się nie więcej niż 50 szt broni w jednym pomieszczeniu	pomieszczenie musi mieć co najmniej dwa zamki atestowane i system alarmowy	gabloty muszą spełniać stabilność, możliwość przytwierdzenia do podłoża, przeszklenie w klasie co najmniej P6B wg normy PN-EN 356 i zamknięcia w klasie 5 wg normy PN-EN 12209	C	Rozporządzenie w sprawie noszenia i przechowywania broni - § 6
W ramach obrony koniecznej działa ten, kto:	odpiera zamach przy pomocy broni palnej.	odpiera zamach na dobro prawem chronione.	odpiera bezpośredni, bezprawny zamach na jakiekolwiek dobro chronione prawem.	C	KK - Art. 25,
W razie popełnienia wykroczenia polegającego na posiadanie broni, nie mając przy sobie legitymacji osoby dopuszczonej do posiadania broni i świadectwa broni można:	cofnąć pozwolenie na broń sprawcy wykroczenia.	ukarać sprawcę karą grzywny.	orzec przepadek broni i amunicji, chociażby przedmioty te nie stanowiły własności sprawcy.	B	UoBiA - Art. 50, ust. 1
W rozumieniu ustawy o broni i amunicji amunicją, są	naboje przeznaczone do strzelania z broni palnej	naboje przeznaczone do strzelania z broni palnej wypełnione materiałami wybuchowymi, chemicznymi, zapalającymi lub innymi substancjami, których użycie zagraża życiu i zdrowiu	naboje przeznaczone do strzelania z broni palnej i gazowej	A	UoBiA - Art. 4, ust. 3
W rozumieniu ustawy o broni i amunicji za dający się przystosować do miotania jednego lub większej liczby pocisków lub substancji w wyniku działania materiału miotającego uznaje się przedmiot:	który ze względu na swoją budowę lub materiał, z którego jest wykonany, może być łatwo przerobiony w celu miotania.	potocznie nazywany lufą broni.	stanowiący magazynek lub bęben nabojowy	A	UoBiA - Art. 7, ust. 1a
W rozumieniu ustawy o broni i amunicji, bronią pneumatyczną jest:	niebezpieczne dla życia lub zdrowia urządzenie, które w wyniku działania sprężonego powietrza jest zdolne do wystrzelenia pocisku z lufy lub elementu ją zastępującego i przez to zdolne do rażenia celu na odległość, a energia kinetyczna pocisku opuszczającego lufę lub element ją zastępujący nie przekracza 17 J	niebezpieczne dla życia lub zdrowia urządzenie, które w wyniku działania sprężonego gazu jest zdolne do wystrzelenia pocisku z lufy lub elementu ją zastępującego i przez to zdolne do rażenia celu na odległość, a energia kinetyczna pocisku opuszczającego lufę lub element ją zastępujący przekracza 17 J	bezpieczne dla życia lub zdrowia urządzenie, które w wyniku działania sprężonego powietrza jest zdolne do wystrzelenia pocisku z lufy lub elementu ją zastępującego i przez to zdolne do rażenia celu na odległość, a energia kinetyczna pocisku opuszczającego lufę lub element ją zastępujący przekracza 17 J	B	UoBiA - Art. 8
W rozumieniu ustawy z dnia 21 maja 1999 r. o broni i amunicji (tekst jednolity z 2015 r.) bronią palną jest?	każda przenośna broń, która miota, jest przeznaczona do miotania lub może być przystosowana do miotania jednego lub większej liczby pocisków lub substancji w wyniku działania materiału miotającego.	każda przenośna broń lufowa, która miota, jest przeznaczona do miotania lub może być przystosowana do miotania jednego lub większej liczby pocisków lub substancji w wyniku działania materiału miotającego.	każda przenośna broń lufowa, która miota, jest przeznaczona do miotania lub może być przystosowana do miotania jednego lub większej liczby pocisków lub substancji w wyniku działania gazów pod ciśnieniem.	B	UoBiA - Art. 7, ust. 1
W rozumieniu ustawy z dnia 21 maja 1999 r. o broni i amunicji (tekst jednolity z 2015 r.) noszenie broni oznacza?	każdy sposób przemieszczania załadowanej broni przez osobę posiadającą broń	każdy sposób przemieszczania załadowanej lub rozłądowanej broni przez osobę posiadającą broń	każdy sposób przemieszczania załadowanej broni z nabojem wprowadzonym do komory nabojowej przez osobę posiadającą broń	A	UoBiA - Art. 10, ust. 9
W rozumieniu ustawy z dnia 21 maja 1999 r. o broni i amunicji broń pneumatyczną można posiadać	na podstawie karty rejestracyjnej broni pneumatycznej.	bez zezwolenia.	na podstawie pozwolenia na broń.	A	UoBiA - Art. 9, ust. 4
W środkach transportu publicznego, służących do przewozu pasażerów, broń do celów kolekcjonerskich	może być załadowana bez wprowadzonego naboju do komory nabojowej i przewożona w stanie zabezpieczonym	przewożona jest w dowolny sposób	przewozi się w stanie rozładowanym, bez amunicji w komorze nabojowej i w magazynkach nabojowych	C	Rozporządzenie w sprawie przewożenia broni i amunicji środkami transportu publicznego - § 2, ust. 1
W środkach transportu publicznego, służących do przewozu pasażerów, broń przewozi się	przewozi się w stanie rozładowanym, bez amunicji w komorze nabojowej i w magazynkach nabojowych	może być załadowana bez wprowadzonego naboju do komory nabojowej i przewożona w stanie zabezpieczonym, ale wyłącznie do ochrony osobistej, ochrony bezpieczeństwa innych osób oraz mienia	obie odpowiedzi są prawidłowe	C	Rozporządzenie w sprawie przewożenia broni i amunicji środkami transportu publicznego - § 2
Ważność Europejskiej karty broni palnej po upływie okresu ważności:	może zostać przedłużona jednorazowo na okres do 3 miesięcy.	nie może być przedłużana.	może być przedłużona na kolejny okres.	C	UoBiA - Art. 10a, ust. 3
Właściwy organ policji cofa pozwolenie na broń, jeżeli osoba, której takie pozwolenie wydano	naruszyła obowiązek zawiadomienia o utracie broni (zawiadomiła Policję o utracie broni w terminie późniejszym niż 24 godziny od chwili stwierdzenia jej utraty)	naruszyła zasady przechowywania broni, wskutek czego dopuściła do jej utraty	używała broni palnej poza strzelnicą	A	UoBiA - Art. 18, ust. 1, pkt 3
Właściwy organ policji w stosunku do osoby posiadającej pozwolenie na broń, która przemieszcza się z rozładowaną bronią albo nosi broń, znajdując się w stanie po użyciu alkoholu, środka odurzającego lub substancji psychotropowych albo środka zastępczego:	cofa pozwolenie na broń, ale tylko w przypadku gdy osoba taka stanowi zagrożenie dla bezpieczeństwa i porządku publicznego	cofa pozwolenie na broń	przejmuje do depozytu broń wraz z dokumentami potwierdzającymi legalność posiadania broni i może cofnąć jej pozwolenie na broń, gdy stanowi ona zagrożenie dla siebie, bezpieczeństwa i porządku	B	UoBiA - Art. 18, ust. 1, pkt 4
Z regulaminem strzelnicy należy zapoznać się:	zaraz po pierwszym wejściu na strzelnicę.	nie jest to konieczne.	tylko, gdy zażąda tego prowadzący strzelanie.	A	Wzorcowy regulamin strzelnic - 
Za amunicję nie uważa się:	spłonek inicjujących spalanie materiału miotającego.	pocisków z rdzeniem stalowym osadzonych w łusce nabojowej.	pocisków wypełnionych chemicznymi środkami obezwładniającymi.	B	UoBiA - Art. 5, ust. 3
Za bezpieczeństwo i porządek na strzelnicy odpowiada:	organizator strzelania.	właściciel strzelnicy.	prowadzący strzelanie.	C	Wzorcowy regulamin strzelnic - Rozd. 1, Ust. 1
Za broń uważa się:	lufę z komorą nabojową.	mechanizm spustowo-uderzeniowy.	pokrywę zamkową.	A	UoBiA - Art. 5
Za przechowywanie broni oraz amunicji w depozycie jest pobierana opłata w wysokości?	1% wartości rynkowej broni przekazanej do depozytu za każdą dobę przechowywania	100 zł za każdy miesiąc przechowywania	1 % opłaty za wydanie pozwolenia na broń osobie fizycznej za każdą dobę przechowywania	C	Rozporządzenie w sprawie deponowania broni - § 11, ust. 1
Za ważną przyczynę posiadania broni do celów ochrony osobistej uważa się w szczególności?	stałe, realne i ponadprzeciętne zagrożenie życia lub zdrowia	zamieszkiwanie poza obszarem zabudowanym	wystąpienie aktów przemocy w stosunku do osoby ubiegającej się o pozwolenie na broń	A	UoBiA - Art. 10, ust. 3, pkt 1
Za ważną przyczynę posiadania broni do celów rekonstrukcji historycznej uważa się w szczególności?	udokumentowane członkostwo w stowarzyszeniu, którego statutowym celem jest organizowanie rekonstrukcji historycznych	udokumentowane członkostwo w stowarzyszeniu, którego statutowym celem jest organizowanie rekonstrukcji historycznych oraz zaświadczenie potwierdzające czynny udział w działalności statutowej	zaświadczenie potwierdzające czynny udział w rekonstrukcjach historycznych	B	UoBiA - Art. 10, ust. 3, pkt 4
Za ważną przyczynę posiadania broni do celu ochrony osób i mienia, uważa się w szczególności:	chęć podjęcia zatrudnienia w branży ochrony osób i mienia.	stałe, realne i ponadprzeciętne zagrożenie życia, zdrowia lub mienia.	ukończenie kursu pracowników ochrony fizycznej.	B	UoBiA - Art. 10, ust. 3, pkt 1
Za ważną przyczynę posiadania broni uważa się w szczególności:	otrzymywanie pogróżek od nieznanych osób.	wykonywanie zawodu o charakterze szczególnie niebezpiecznym dla życia i zdrowia.	udokumentowane nabycie broni w drodze spadku, darowizny lub wyróżnienia - dla pozwolenia na broń do celów pamiątkowych.	C	UoBiA - Art. 10, ust. 3, pkt 6
Za ważną przyczynę wydania legitymacji osoby dopuszczonej do broni palnej uważa się:	uzyskanie wpisu na listę kwalifikowanych pracowników ochrony.	zatrudnienie w ramach wewnętrznej służby ochrony albo na rzecz przedsiębiorcy, który uzyskał koncesję na prowadzenie działalności gospodarczej w zakresie usług ochrony osób i mienia.	stałe, realne i ponadprzeciętne zagrożenie życia, zdrowia lub mienia.	C	UoBiA - Art. 10, ust. 3, pkt 1
Zakończenie strzelania na strzelnicy zgłasza się	właścicielowi strzelnicy	prowadzącemu strzelanie	nie ma obowiązku zgłaszania tego faktu	B	Wzorcowy regulamin strzelnic - rozdz. 2, ust. 5
Zakres przedmiotowy teoretycznej części egzaminu ze znajomości przepisów dotyczących posiadania broni obejmuje sprawdzenie?	znajomości przepisów ustawy z dnia 21 maja 1999 r. o broni i amunicji oraz przepisów wydanych na jej podstawie oraz znajomości przepisów Kodeksu karnego dotyczących przestępstw związanych z bronią	znajomości ustawy o broni i amunicji orazprzepisów kodeksu karnego dotyczących przestęstw związanych z bronią	znajomożli posługiwania się bronią i wzorcowego regulaminu strzelnic	A	Rozporządzenie w sprawie egzaminu - § 4, ust. 1
Zarejestrowanie broni palnej pozbawionej cech użytkowych może nastąpić na rzecz osoby, która ma ukończone:	17 lat	18 lat	16 lat	B	UoBiA - Art. 13, ust. 6
Zarejestrowanie broni wymagającej pozwolenia potwierdza się w:	legitymacji posiadacza broni	obie odpowiedzi są prawdziwe	świadectwie broni	B	UoBiA - Art. 13, ust. 4
Zbywanie broni i amunicji do tej broni jest dopuszczalne:	tylko i wyłącznie za pośrednictwem podmiotów zajmujących się obrotem (handlem) bronią i amunicją.	pomiędzy osobami posiadającymi pozwolenie na ten sam rodzaj broni.	po uzyskaniu zgody właściwego organu Policji ze wskazaniem nabywcy broni i amunicji.	B	UoBiA - Art. 21, ust. 1
Zgodnie z przepisami ustawy o broni i amunicji istotnymi częściami broni palnej są:	szkielet, lufa, przyrządy optyczne.	szkielet broni, baskila, lufa z komorą nabojową, zamek, komora zamkowa oraz bęben nabojowy.	szkielet broni, lufa, mechanizm spustowo-uderzeniowy, kurek, iglica, komora zamkowa oraz magazynek lub bęben nabojowy.	B	UoBiA - Art. 5, ust. 2
Znalazca broni:	może wystąpić z wnioskiem o wydanie pozwolenia na znalezioną broń.	może złożyć pisemne oświadczenie woli o przeniesieniu własności znalezionej broni na rzecz Skarbu Państwa.	nie ma żadnych praw względem znalezionej broni.	C	UoBiA - Art. 23, ust. 2
Zniszczenie broni i amunicji przez Policję dokonywane jest:	odpłatnie w wysokości 1% opłaty za wydanie pozwolenia na broń.	nieodpłatnie pod warunkiem, że zniszczenie broni i amunicji następuje na wniosek znalazcy tej broni i amunicji.	nieodpłatnie.	C	Rozporządzenie w sprawie deponowania broni - § 9, ust. 1
Policja, a w przypadku żołnierzy zawodowych Żandarmeria Wojskowa, może za pokwitowaniem odebrać broń i amunicję oraz dokumenty potwierdzające legalność posiadania broni osobie posiadającej broń zgodnie z przepisami, przeciwko której toczy się postępowanie karne o umyślne przestepstwo, do czasu prawomocnego zakończenia tego postępowania, na okres:	nie dłuższy niż 3 lata.	do 2 lat	1 roku	A	UoBiA - Art. 19, ust. 1a
Zbywający broń i amunicję do tej broni obowiązany jest powiadomić o tym fakcie właściwy organ Policji:	w czasie do 24 godzin od chwili zbycia broni lub amunicji.	niezwłocznie	w ciągu 5 dni od dnia zbycia broni lub amunicji.	B	UoBiA - Art. 21, ust. 2
Właściwy organ Policji cofa dopuszczenie do posiadania broni jeżeli osoba, której dopuszczenie takie wydano:	naruszyła obowiązek pisemnego powiadomienia właściwego organu Policji o zmianie miejsca stałego pobytu.	naruszyła zakaz użyczania broni osobie nieuprawnionej.	nosi broń, znajdując się w stanie po użyciu alkoholu, środka odurzającego lub substancji psychotropowej albo środka zastępczego.	C	UoBiA - Art. 18, ust. 1a
Kto posiadając pozwolenie na broń lub posiadając broń podlegającą rejestracji, która nie wymaga pozwolenia na broń, nie dopełnia obowiązku pisemnego zawiadomienia właściwego organu Policji o zmianie miejsca stałego pobytu w terminie 14 dni od dnia zmiany miejsca stałego pobytu podlega: kary aresztu lub grzywny.	TRUE	FALSE		A	UoBiA - Art. 51, ust. 2, pkt 3
Na terenie strzelnicy broń z kabury wyjmuje się:	na polecenie prowadzącego.	po otrzymaniu od amunicyjnego przydzielonej amunicji.	po wejściu na linię ognia.	A	Wzorcowy regulamin strzelnic - rozdz. 2, ust. 2
Bronią palną jest wyłącznie:	broń myśliwska, sportowa, gazowa, pneumatyczna, sygnałowa	broń bojowa, myśliwska, sportowa, pneumatyczna, przedmiot do obezwładniania osób za pomocą ładunków elektrycznych 	broń bojowa, myśliwska, sportowa, gazowa, alarmowa i sygnałowa	C	UoBiA - Art. 4, ust. 1, pkt 1
Bez zaświadczenia uprawniającego do nabycia części do broni, zgodnie z pozwoleniem do tej broni, można zakupić:	zamek broni.	magazynek	bęben nabojowy	B	UoBiA - Art. 5, ust. 2
Kto bez wymaganego zezwolenia posiada broń palną lub amunicję, podlega karze pozbawienia wolności:	od roku do 5 lat	od roku do 10 lat	od 6 miesięcy do lat 8	C	KK - Art. 263, § 2
Właściwy organ policji cofa pozwolenie na broń, jeżeli osoba, której takie pozwolenie wydano:	naruszyła obowiązek zawiadomienia o utracie broni	naruszyła zasady przechowywania broni, wskutek czego dopuściła do jej utraty	używała broni palnej poza strzelnicą	A	UoBiA - Art. 17, ust. 1, pkt 3
Każdy korzystający ze strzelnicy ma obowiązek wpisania się do "Książki rejestru pobytu na strzelnicy", którą prowadzi:	prowadzący strzelanie.	kierownik jednostki szkolącej.	kierownik strzelnicy.	A	Wzorcowy regulamin strzelnic - rozdz. 1, ust. 1, pkt. 3
Kto posiada broń, nie mając przy sobie legitymacji posiadacza broni albo legitymacji osoby dopuszczonej do posiadania broni i świadectwa broni podlega:	karze ograniczenia wolności do lat 2	karze aresztu	karze grzywny	C	UoBiA - Art. 51, ust. 3
Kto nie dopełnił obowiązku zwrotu legitymacji osoby dopuszczonej do posiadania broni, legitymacji posiadacza broni, karty rejestracyjnej broni lub europejskiej karty broni palnej podlega:	karze aresztu	karze aresztu albo grzywny	karze grzywny	B	UoBiA - Art. 51, ust. 2, pkt 13
Poza przypadkami określonymi w ustawie o broni i amunicji nabywanie, posiadanie oraz zbywanie broni i amunicji jest:	dozwolone w przypadku nabywania broni przy użyciu środków porozumiewania się na odległość	dozwolone za zgodą wojewody	zabronione	C	UoBiA - Art. 2, ust. 1
Zasady wydawania i cofania pozwoleń na broń, nabywania, rejestracji, przechowywania, zbywania i deponowania broni i amunicji, przewozu przez terytorium Rzeczypospolitej Polskiej oraz przywozu z zagranicy i wywozu za granicę broni i amunicji, jak również zasady posiadania broni i amunicji przez cudzoziemców oraz zasady funkcjonowania strzelnic określa:	rozporzadzenie ministra spraw wewnętrznych i administracji z dnia 3 kwietnia 2000 r. w sprawie przechowywania, noszenia oraz przechowywania broni i amunicji.	ustawa z dnia 21 maja 1999 r. o broni i amunicji.	ustawa z dnia 24 maja 2013 r. o środkach przymusu bezpośredniego i broni palnej	B	UoBiA - Art. 1, ust. 1
Udostępnienie lub przekazanie broni palnej lub amunicji osobie nieupoważnionej stanowi:	wykroczenie	naruszenie Regulaminu strzelnicy.	przestępstwo.	C	KK - Art. 263, § 3
Kto posiadając pozwolenie na broń lub posiadając broń podlegającą rejestracji, która nie wymaga pozwolenia na broń, nie dopełnia obowiązku pisemnego zawiadomienia właściwego organu Policji o zmianie miejsca stałego pobytu w terminie 14 dni od dnia zmiany miejsca stałego pobytu podlega: kary aresztu lub grzywny.	TRUE	FALSE		A	UoBiA - Art. 51, ust. 2, pkt 3
Przyjęcie broni i amunicji do zniszczenia przez Policję dokonuje się na podstawie:	pisemnego oświadczenia woli o przeniesieniu własności broni oraz amunicji na rzecz Skarbu Państwa.	pisemnego wniosku o zniszczenie broni i amunicji.	pisemnego oświadczenia woli o przeniesieniu własności broni na rzecz Policji.	B	Rozporządzenie w sprawie deponowania broni - § 9, ust. 1
Na terenie strzelnicy można prowadzić trening bezstrzałowy:	w dowolnym miejscu	w miejscu oznaczonym lub wyznaczonym przez prowadzącego.	na linii ognia.	B	Wzorcowy regulamin strzelnic - rozdz. 2, ust. 2
Przedsiębiorca, który uzyskał koncesję na prowadzenie działalności gospodarczej w zakresie usług ochrony osób i mienia, jeżeli broń jest mu niezbędna w zakresie i formach określonych w koncesji, po uzyskaniu świadectwa broni może wynajmować broń od:	podmiotów prowadzących strzelnice.	organizacji sportowych i łowieckich.	Policji lub Sił Zbrojnych Rzeczypospolitej Polskiej.	C	UoBiA - Art. 29, ust. 3
Bronią w myśl ustawy z dnia 21 maja 1999 r. o broni i amunicji nie są:	rzeczy, które wykrywają, lokalizują lub identyfikują cel.	przedmioty przeznaczone do obezwładniania osób za pomocą energii elektrycznej.	broń palna, w tym broń bojowa, myśliwska, sportowa, gazowa, alarmowa i sygnałowa.	A	UoBiA - Art. 4, ust. 1
Za amunicję nie uważa się:	pocisków wypełnionych chemicznymi środkami obezwładniającymi.	pocisków z rdzeniem stalowym osadzonych w łusce nabojowej.	spłonek inicjujących spalanie materiału miotającego.	B	UoBiA - Art. 5, ust. 3
Osoba posiadająca pozwolenie na broń wydane w celu ochrony osób i mienia obowiązana jest okresowo przedstawić właściwemu organowi Policji orzeczenia lekarskie i psychologiczne wydane w trybie przepisów:	ustawy z dnia 22 sierpnia 1997 r. o ochronie osób i mienia.	ustawy z dnia 21 maja 1999 r. o broni i amunicji.	ustawy z dnia z dnia 5 grudnia 1996 r. o zawodzie lekarza.	A	UoBiA - Art. 15, ust. 4a
Broń palna oraz inna broń zdolna do rażenia celów na odległość może być używana w celach szkoleniowych i sportowych.	Prawda, pod warunkiem że będzie używana tylko na strzelnicach.	Prawda, o ile osoba strzelająca zachowuje warunki bezpieczeństwa.	Fałsz.	A	UoBiA - Art. 45, ust. 1
Wywóz broni i amunicji do niej za granicę przez obywateli polskich wymaga:	zgłoszenia wywozu w placówce Ambasady Polskiej.	zgody przewozowej właściwego terytorialnie komendanta Wojewódzkiego Policji.	wydania Europejskiej karty broni palnej lub zgody właściwego organu Policji.	C	UoBiA - Art. 38